Rank,Country,CountryABR,Region,City,TeamABR,Population
1,United States,USA,Americas,New York,NYC,"8,336,817"
1,United States,USA,Americas,Los Angeles,LAX,"3,979,576"
1,United States,USA,Americas,Chicago,CHI,"2,693,976"
1,United States,USA,Americas,Houston,HOU,"2,304,580"
1,United States,USA,Americas,Phoenix,PHX,"1,608,139"
1,United States,USA,Americas,Philadelphia,PHL,"1,603,797"
1,United States,USA,Americas,San Antonio,SAT,"1,434,625"
1,United States,USA,Americas,San Diego,SAN,"1,386,932"
1,United States,USA,Americas,Dallas,DAL,"1,304,379"
1,United States,USA,Americas,San Jose,SJO,"1,013,240"
1,United States,USA,Americas,Austin,AUS,"978,908"
1,United States,USA,Americas,Jacksonville,JAX,"911,507"
1,United States,USA,Americas,Fort Worth,FTW,"918,915"
1,United States,USA,Americas,Columbus,CMH,"898,553"
1,United States,USA,Americas,Charlotte,CLT,"885,708"
1,United States,USA,Americas,Indianapolis,IND,"876,862"
1,United States,USA,Americas,San Francisco,SFO,"873,965"
1,United States,USA,Americas,Seattle,SEA,"737,255"
1,United States,USA,Americas,Denver,DEN,"715,522"
1,United States,USA,Americas,Nashville,NSH,"689,447"
2,China,CHN,Asia,Shanghai,SHA,"24,870,895"
2,China,CHN,Asia,Beijing,BEJ,"21,893,095"
2,China,CHN,Asia,Chongqing,CQG,"32,000,000"
2,China,CHN,Asia,Tianjin,TJN,"13,866,009"
2,China,CHN,Asia,Guangzhou,GZH,"16,096,724"
2,China,CHN,Asia,Shenzhen,SZH,"17,560,000"
2,China,CHN,Asia,Wuhan,WUH,"11,081,000"
2,China,CHN,Asia,Chengdu,CDU,"9,059,000"
2,China,CHN,Asia,Nanjing,NJG,"8,505,500"
2,China,CHN,Asia,Xi'an,XAN,"12,952,000"
2,China,CHN,Asia,Hangzhou,HGZ,"11,936,000"
2,China,CHN,Asia,Shenyang,SHY,"8,294,000"
2,China,CHN,Asia,Harbin,HRB,"9,879,000"
2,China,CHN,Asia,Suzhou,SUZ,"10,748,000"
2,China,CHN,Asia,Qingdao,QGD,"9,200,000"
2,China,CHN,Asia,Zhengzhou,ZZH,"12,600,000"
2,China,CHN,Asia,Dalian,DLN,"7,450,000"
2,China,CHN,Asia,Jinan,JNM,"9,000,000"
2,China,CHN,Asia,Changsha,CSA,"8,000,000"
2,China,CHN,Asia,Kunming,KMG,"7,200,000"
3,Germany,DEU,Europe,Berlin,BER,"3,669,491"
3,Germany,DEU,Europe,Hamburg,HAM,"1,845,229"
3,Germany,DEU,Europe,Munich,MUN,"1,488,202"
3,Germany,DEU,Europe,Cologne,COL,"1,083,498"
3,Germany,DEU,Europe,Frankfurt,FRA,"753,056"
3,Germany,DEU,Europe,Stuttgart,STU,"634,830"
3,Germany,DEU,Europe,Dusseldorf,DUS,"619,294"
3,Germany,DEU,Europe,Leipzig,LEI,"601,866"
3,Germany,DEU,Europe,Dortmund,DOR,"587,696"
3,Germany,DEU,Europe,Essen,ESS,"579,432"
3,Germany,DEU,Europe,Bremen,BRE,"569,352"
3,Germany,DEU,Europe,Dresden,DRE,"556,780"
3,Germany,DEU,Europe,Hanover,HAN,"532,163"
3,Germany,DEU,Europe,Nuremberg,NUR,"518,370"
3,Germany,DEU,Europe,Duisburg,DUI,"495,885"
3,Germany,DEU,Europe,Bochum,BOC,"364,742"
3,Germany,DEU,Europe,Wuppertal,WUP,"354,382"
3,Germany,DEU,Europe,Bielefeld,BIE,"333,786"
3,Germany,DEU,Europe,Bonn,BON,"329,673"
3,Germany,DEU,Europe,Mannheim,MAN,"310,658"
4,Japan,JPN,Asia,Tokyo,TKY,"13,960,000"
4,Japan,JPN,Asia,Yokohama,YKH,"3,757,630"
4,Japan,JPN,Asia,Osaka,OSK,"2,753,000"
4,Japan,JPN,Asia,Nagoya,NGY,"2,332,000"
4,Japan,JPN,Asia,Sapporo,SPR,"1,975,000"
4,Japan,JPN,Asia,Fukuoka,FUK,"1,612,000"
4,Japan,JPN,Asia,Kobe,KBE,"1,544,000"
4,Japan,JPN,Asia,Kawasaki,KWS,"1,539,000"
4,Japan,JPN,Asia,Kyoto,KYT,"1,470,000"
4,Japan,JPN,Asia,Saitama,STM,"1,325,000"
4,Japan,JPN,Asia,Hiroshima,HRS,"1,198,000"
4,Japan,JPN,Asia,Sendai,SND,"1,082,000"
4,Japan,JPN,Asia,Kitakyushu,KTK,"940,000"
4,Japan,JPN,Asia,Chiba,CHB,"972,000"
4,Japan,JPN,Asia,Sakai,SAK,"839,000"
4,Japan,JPN,Asia,Niigata,NGT,"790,000"
4,Japan,JPN,Asia,Hamamatsu,HMM,"800,000"
4,Japan,JPN,Asia,Shizuoka,SZK,"705,000"
4,Japan,JPN,Asia,Sagamihara,SGM,"730,000"
4,Japan,JPN,Asia,Okayama,OKY,"721,000"
5,India,IND,Asia,Mumbai,MUM,"20,667,656"
5,India,IND,Asia,Delhi,DEL,"32,941,309"
5,India,IND,Asia,Bangalore,BLR,"13,193,000"
5,India,IND,Asia,Hyderabad,HYD,"10,534,000"
5,India,IND,Asia,Ahmedabad,AMD,"8,450,000"
5,India,IND,Asia,Chennai,MAA,"10,456,000"
5,India,IND,Asia,Kolkata,CCU,"14,850,000"
5,India,IND,Asia,Surat,SRT,"7,784,000"
5,India,IND,Asia,Pune,PNQ,"7,764,000"
5,India,IND,Asia,Jaipur,JAI,"4,078,000"
5,India,IND,Asia,Lucknow,LKO,"3,879,000"
5,India,IND,Asia,Kanpur,KNU,"3,029,000"
5,India,IND,Asia,Nagpur,NAG,"2,924,000"
5,India,IND,Asia,Indore,IDR,"3,201,000"
5,India,IND,Asia,Thane,THN,"2,400,000"
5,India,IND,Asia,Bhopal,BPL,"2,320,000"
5,India,IND,Asia,Visakhapatnam,VTZ,"2,100,000"
5,India,IND,Asia,Patna,PAT,"2,200,000"
5,India,IND,Asia,Vadodara,BDQ,"2,100,000"
5,India,IND,Asia,Ghaziabad,GZB,"1,729,000"
6,United Kingdom,GBR,Europe,London,LON,"9,002,488"
6,United Kingdom,GBR,Europe,Birmingham,BHM,"1,144,900"
6,United Kingdom,GBR,Europe,Leeds,LEE,"793,139"
6,United Kingdom,GBR,Europe,Glasgow,GLA,"635,130"
6,United Kingdom,GBR,Europe,Sheffield,SHE,"584,853"
6,United Kingdom,GBR,Europe,Bradford,BRD,"536,986"
6,United Kingdom,GBR,Europe,Manchester,MAN,"553,230"
6,United Kingdom,GBR,Europe,Edinburgh,EDN,"524,930"
6,United Kingdom,GBR,Europe,Liverpool,LIV,"498,042"
6,United Kingdom,GBR,Europe,Bristol,BRS,"467,099"
6,United Kingdom,GBR,Europe,Cardiff,CDF,"362,756"
6,United Kingdom,GBR,Europe,Leicester,LEI,"355,218"
6,United Kingdom,GBR,Europe,Coventry,COV,"371,521"
6,United Kingdom,GBR,Europe,Nottingham,NOT,"329,200"
6,United Kingdom,GBR,Europe,Newcastle,NCL,"300,196"
6,United Kingdom,GBR,Europe,Belfast,BFS,"345,418"
6,United Kingdom,GBR,Europe,Brighton,BTN,"290,395"
6,United Kingdom,GBR,Europe,Hull,HUL,"260,645"
6,United Kingdom,GBR,Europe,Plymouth,PLY,"264,700"
6,United Kingdom,GBR,Europe,Stoke,STK,"256,375"
7,France,FRA,Europe,Paris,PAR,"2,161,000"
7,France,FRA,Europe,Marseille,MRS,"870,731"
7,France,FRA,Europe,Lyon,LYN,"522,228"
7,France,FRA,Europe,Toulouse,TLS,"493,465"
7,France,FRA,Europe,Nice,NCE,"342,669"
7,France,FRA,Europe,Nantes,NTE,"320,732"
7,France,FRA,Europe,Montpellier,MPL,"290,053"
7,France,FRA,Europe,Strasbourg,SXB,"284,677"
7,France,FRA,Europe,Bordeaux,BOD,"257,804"
7,France,FRA,Europe,Lille,LIL,"234,475"
7,France,FRA,Europe,Rennes,RNS,"221,272"
7,France,FRA,Europe,Reims,RMS,"183,042"
7,France,FRA,Europe,Saint-Etienne,ETE,"172,565"
7,France,FRA,Europe,Toulon,TLN,"174,303"
7,France,FRA,Europe,Le Havre,LEH,"172,074"
7,France,FRA,Europe,Grenoble,GNB,"160,779"
7,France,FRA,Europe,Dijon,DJN,"154,071"
7,France,FRA,Europe,Angers,ANJ,"155,000"
7,France,FRA,Europe,Villeurbanne,VLB,"150,000"
7,France,FRA,Europe,Nimes,NIM,"148,561"
8,Italy,ITA,Europe,Rome,ROM,"2,873,000"
8,Italy,ITA,Europe,Milan,MIL,"1,352,000"
8,Italy,ITA,Europe,Naples,NAP,"959,000"
8,Italy,ITA,Europe,Turin,TRN,"870,000"
8,Italy,ITA,Europe,Palermo,PAL,"668,000"
8,Italy,ITA,Europe,Genoa,GEN,"580,000"
8,Italy,ITA,Europe,Bologna,BLG,"400,000"
8,Italy,ITA,Europe,Florence,FLR,"382,000"
8,Italy,ITA,Europe,Bari,BRI,"325,000"
8,Italy,ITA,Europe,Catania,CTA,"316,000"
8,Italy,ITA,Europe,Venice,VCE,"261,000"
8,Italy,ITA,Europe,Verona,VRN,"260,000"
8,Italy,ITA,Europe,Messina,MSN,"232,000"
8,Italy,ITA,Europe,Padua,PDV,"215,000"
8,Italy,ITA,Europe,Trieste,TRS,"204,000"
8,Italy,ITA,Europe,Taranto,TAR,"202,000"
8,Italy,ITA,Europe,Brescia,BRX,"197,000"
8,Italy,ITA,Europe,Reggio Calabria,RCA,"180,000"
8,Italy,ITA,Europe,Modena,MOD,"185,000"
8,Italy,ITA,Europe,Parma,PRM,"196,000"
9,Brazil,BRA,Americas,Sao Paulo,SAO,"12,325,232"
9,Brazil,BRA,Americas,Rio de Janeiro,RIO,"6,747,815"
9,Brazil,BRA,Americas,Brasilia,BSB,"3,055,149"
9,Brazil,BRA,Americas,Salvador,SSA,"2,900,319"
9,Brazil,BRA,Americas,Fortaleza,FOR,"2,669,342"
9,Brazil,BRA,Americas,Belo Horizonte,BHZ,"2,530,701"
9,Brazil,BRA,Americas,Manaus,MAO,"2,255,903"
9,Brazil,BRA,Americas,Curitiba,CWB,"1,963,726"
9,Brazil,BRA,Americas,Recife,REC,"1,653,461"
9,Brazil,BRA,Americas,Goiania,GYN,"1,536,097"
9,Brazil,BRA,Americas,Belem,BEL,"1,499,641"
9,Brazil,BRA,Americas,Porto Alegre,POA,"1,483,771"
9,Brazil,BRA,Americas,Guarulhos,GRU,"1,392,197"
9,Brazil,BRA,Americas,Campinas,CPQ,"1,213,792"
9,Brazil,BRA,Americas,Sao Luis,SLZ,"1,109,978"
9,Brazil,BRA,Americas,Maceio,MCZ,"1,025,360"
9,Brazil,BRA,Americas,Natal,NAT,"890,480"
9,Brazil,BRA,Americas,Teresina,THE,"868,075"
9,Brazil,BRA,Americas,Campo Grande,CGR,"906,092"
9,Brazil,BRA,Americas,Joao Pessoa,JPA,"817,511"
10,Canada,CAN,Americas,Toronto,TOR,"2,794,356"
10,Canada,CAN,Americas,Montreal,MTL,"2,141,000"
10,Canada,CAN,Americas,Calgary,YYC,"1,336,000"
10,Canada,CAN,Americas,Ottawa,OTT,"1,017,449"
10,Canada,CAN,Americas,Edmonton,YEG,"981,280"
10,Canada,CAN,Americas,Mississauga,MSS,"721,599"
10,Canada,CAN,Americas,Winnipeg,YWG,"749,607"
10,Canada,CAN,Americas,Vancouver,YVR,"675,218"
10,Canada,CAN,Americas,Brampton,BRM,"656,480"
10,Canada,CAN,Americas,Hamilton,HML,"579,200"
10,Canada,CAN,Americas,Surrey,SRY,"568,322"
10,Canada,CAN,Americas,Quebec City,YQB,"542,298"
10,Canada,CAN,Americas,Laval,LVL,"445,000"
10,Canada,CAN,Americas,Halifax,YHZ,"443,400"
10,Canada,CAN,Americas,London,YXU,"422,324"
10,Canada,CAN,Americas,Markham,MRK,"338,503"
10,Canada,CAN,Americas,Vaughan,VGN,"323,103"
10,Canada,CAN,Americas,Gatineau,YND,"291,041"
10,Canada,CAN,Americas,Saskatoon,YXE,"317,480"
10,Canada,CAN,Americas,Longueuil,LGU,"246,842"
11,Russia,RUS,Europe,Moscow,MOW,"12,506,468"
11,Russia,RUS,Europe,Saint Petersburg,SPB,"5,383,890"
11,Russia,RUS,Europe,Novosibirsk,OVB,"1,625,631"
11,Russia,RUS,Europe,Yekaterinburg,SVX,"1,493,749"
11,Russia,RUS,Europe,Kazan,KZN,"1,257,391"
11,Russia,RUS,Europe,Nizhny Novgorod,GOJ,"1,244,254"
11,Russia,RUS,Europe,Chelyabinsk,CEK,"1,179,269"
11,Russia,RUS,Europe,Samara,KUF,"1,169,719"
11,Russia,RUS,Europe,Ufa,UFA,"1,128,787"
11,Russia,RUS,Europe,Rostov-on-Don,ROV,"1,125,299"
11,Russia,RUS,Europe,Omsk,OMS,"1,154,507"
11,Russia,RUS,Europe,Krasnoyarsk,KJA,"1,093,006"
11,Russia,RUS,Europe,Perm,PEE,"1,055,397"
11,Russia,RUS,Europe,Volgograd,VOG,"1,013,533"
11,Russia,RUS,Europe,Voronezh,VOZ,"1,057,681"
11,Russia,RUS,Europe,Saratov,GSV,"838,023"
11,Russia,RUS,Europe,Krasnodar,KRR,"995,000"
11,Russia,RUS,Europe,Tyumen,TJM,"807,271"
11,Russia,RUS,Europe,Tolyatti,TLT,"693,072"
11,Russia,RUS,Europe,Izhevsk,IJK,"640,870"
12,South Korea,KOR,Asia,Seoul,SEO,"9,776,000"
12,South Korea,KOR,Asia,Busan,PUS,"3,414,950"
12,South Korea,KOR,Asia,Incheon,ICN,"2,954,642"
12,South Korea,KOR,Asia,Daegu,TAE,"2,418,346"
12,South Korea,KOR,Asia,Daejeon,CJJ,"1,475,221"
12,South Korea,KOR,Asia,Gwangju,KWJ,"1,441,185"
12,South Korea,KOR,Asia,Suwon,SWN,"1,242,724"
12,South Korea,KOR,Asia,Ulsan,USN,"1,149,230"
12,South Korea,KOR,Asia,Changwon,CHW,"1,066,000"
12,South Korea,KOR,Asia,Goyang,GYG,"1,073,069"
12,South Korea,KOR,Asia,Yongin,YNG,"1,066,704"
12,South Korea,KOR,Asia,Seongnam,SNM,"925,000"
12,South Korea,KOR,Asia,Bucheon,BCN,"820,000"
12,South Korea,KOR,Asia,Cheongju,CJJ,"857,000"
12,South Korea,KOR,Asia,Jeonju,JNJ,"652,000"
12,South Korea,KOR,Asia,Ansan,ASN,"700,000"
12,South Korea,KOR,Asia,Anyang,AYG,"634,000"
12,South Korea,KOR,Asia,Namyangju,NYJ,"693,000"
12,South Korea,KOR,Asia,Hwaseong,HWS,"820,000"
12,South Korea,KOR,Asia,Cheonan,CNA,"667,000"
13,Australia,AUS,Asia,Sydney,SYD,"5,312,000"
13,Australia,AUS,Asia,Melbourne,MEL,"5,078,000"
13,Australia,AUS,Asia,Brisbane,BNE,"2,561,000"
13,Australia,AUS,Asia,Perth,PER,"2,085,000"
13,Australia,AUS,Asia,Adelaide,ADL,"1,376,000"
13,Australia,AUS,Asia,Gold Coast,OOL,"679,000"
13,Australia,AUS,Asia,Canberra,CBR,"462,000"
13,Australia,AUS,Asia,Newcastle,NTL,"322,000"
13,Australia,AUS,Asia,Wollongong,WOL,"302,000"
13,Australia,AUS,Asia,Sunshine Coast,MCY,"333,000"
13,Australia,AUS,Asia,Geelong,GEX,"280,000"
13,Australia,AUS,Asia,Hobart,HBA,"232,000"
13,Australia,AUS,Asia,Townsville,TSV,"178,000"
13,Australia,AUS,Asia,Cairns,CNS,"155,000"
13,Australia,AUS,Asia,Darwin,DRW,"145,000"
13,Australia,AUS,Asia,Toowoomba,TWB,"143,000"
13,Australia,AUS,Asia,Ballarat,BSS,"114,000"
13,Australia,AUS,Asia,Bendigo,BXG,"110,000"
13,Australia,AUS,Asia,Launceston,LST,"87,000"
13,Australia,AUS,Asia,Mackay,MKY,"80,000"
14,Mexico,MEX,Americas,Mexico City,MEX,"9,209,944"
14,Mexico,MEX,Americas,Ecatepec,ECT,"1,655,015"
14,Mexico,MEX,Americas,Guadalajara,GDL,"1,495,189"
14,Mexico,MEX,Americas,Puebla,PBC,"1,692,181"
14,Mexico,MEX,Americas,Juarez,CJS,"1,512,354"
14,Mexico,MEX,Americas,Tijuana,TIJ,"1,641,570"
14,Mexico,MEX,Americas,Leon,BJX,"1,578,626"
14,Mexico,MEX,Americas,Zapopan,ZPN,"1,243,538"
14,Mexico,MEX,Americas,Monterrey,MTY,"1,135,512"
14,Mexico,MEX,Americas,Nezahualcoyotl,NEZ,"1,100,302"
14,Mexico,MEX,Americas,Chihuahua,CUU,"925,103"
14,Mexico,MEX,Americas,Naucalpan,NAU,"889,972"
14,Mexico,MEX,Americas,Merida,MID,"892,363"
14,Mexico,MEX,Americas,San Luis Potosi,SLP,"824,229"
14,Mexico,MEX,Americas,Aguascalientes,AGU,"797,010"
14,Mexico,MEX,Americas,Hermosillo,HMO,"884,273"
14,Mexico,MEX,Americas,Saltillo,SLT,"807,537"
14,Mexico,MEX,Americas,Acapulco,ACA,"673,479"
14,Mexico,MEX,Americas,Mexicali,MXL,"689,775"
14,Mexico,MEX,Americas,Culiacan,CUL,"858,638"
15,Spain,ESP,Europe,Madrid,MAD,"3,266,126"
15,Spain,ESP,Europe,Barcelona,BCN,"1,636,762"
15,Spain,ESP,Europe,Valencia,VLC,"794,666"
15,Spain,ESP,Europe,Seville,SVQ,"688,711"
15,Spain,ESP,Europe,Zaragoza,ZAZ,"674,997"
15,Spain,ESP,Europe,Malaga,AGP,"578,460"
15,Spain,ESP,Europe,Murcia,MJV,"459,093"
15,Spain,ESP,Europe,Palma,PMI,"416,065"
15,Spain,ESP,Europe,Las Palmas,LPA,"379,925"
15,Spain,ESP,Europe,Bilbao,BIO,"352,700"
15,Spain,ESP,Europe,Alicante,ALC,"334,887"
15,Spain,ESP,Europe,Cordoba,ODB,"325,453"
15,Spain,ESP,Europe,Valladolid,VLL,"303,905"
15,Spain,ESP,Europe,Vigo,VGO,"294,997"
15,Spain,ESP,Europe,Gijon,OVD,"271,843"
15,Spain,ESP,Europe,Hospitalet,HLL,"256,065"
15,Spain,ESP,Europe,La Coruna,LCG,"246,028"
15,Spain,ESP,Europe,Granada,GRX,"231,592"
15,Spain,ESP,Europe,Vitoria,VIT,"250,000"
15,Spain,ESP,Europe,Elche,ELC,"228,647"
16,Indonesia,IDN,Asia,Jakarta,JKT,"10,562,088"
16,Indonesia,IDN,Asia,Surabaya,SUB,"2,899,754"
16,Indonesia,IDN,Asia,Bandung,BDO,"2,575,478"
16,Indonesia,IDN,Asia,Bekasi,BKS,"2,543,676"
16,Indonesia,IDN,Asia,Medan,MES,"2,435,252"
16,Indonesia,IDN,Asia,Depok,DPK,"2,330,213"
16,Indonesia,IDN,Asia,Tangerang,TNG,"2,126,610"
16,Indonesia,IDN,Asia,Semarang,SRG,"1,653,524"
16,Indonesia,IDN,Asia,Makassar,UPG,"1,526,667"
16,Indonesia,IDN,Asia,Palembang,PLM,"1,441,500"
16,Indonesia,IDN,Asia,Batam,BTH,"1,196,000"
16,Indonesia,IDN,Asia,Pekanbaru,PKU,"1,093,416"
16,Indonesia,IDN,Asia,Bandar Lampung,TKG,"976,000"
16,Indonesia,IDN,Asia,Bogor,BOO,"1,081,009"
16,Indonesia,IDN,Asia,Padang,PDG,"927,168"
16,Indonesia,IDN,Asia,Malang,MLG,"895,387"
16,Indonesia,IDN,Asia,Samarinda,SMQ,"843,445"
16,Indonesia,IDN,Asia,Tasikmalaya,TSM,"716,000"
16,Indonesia,IDN,Asia,Banjarmasin,BDJ,"700,572"
16,Indonesia,IDN,Asia,Pontianak,PNK,"658,000"
17,Netherlands,NLD,Europe,Amsterdam,AMS,"921,402"
17,Netherlands,NLD,Europe,Rotterdam,RTM,"651,446"
17,Netherlands,NLD,Europe,The Hague,HAG,"548,320"
17,Netherlands,NLD,Europe,Utrecht,UTC,"361,924"
17,Netherlands,NLD,Europe,Eindhoven,EIN,"234,394"
17,Netherlands,NLD,Europe,Tilburg,TLB,"222,972"
17,Netherlands,NLD,Europe,Groningen,GRQ,"233,218"
17,Netherlands,NLD,Europe,Almere,ALM,"213,265"
17,Netherlands,NLD,Europe,Breda,BRD,"184,716"
17,Netherlands,NLD,Europe,Nijmegen,NIJ,"176,731"
17,Netherlands,NLD,Europe,Enschede,ENS,"158,303"
17,Netherlands,NLD,Europe,Haarlem,HAA,"162,474"
17,Netherlands,NLD,Europe,Arnhem,ARN,"158,545"
17,Netherlands,NLD,Europe,Zaanstad,ZAN,"156,000"
17,Netherlands,NLD,Europe,Amersfoort,AMF,"156,000"
17,Netherlands,NLD,Europe,Apeldoorn,APD,"161,000"
17,Netherlands,NLD,Europe,Zwolle,ZWO,"127,000"
17,Netherlands,NLD,Europe,Leiden,LDN,"124,000"
17,Netherlands,NLD,Europe,Haarlemmermeer,HLM,"157,000"
17,Netherlands,NLD,Europe,Dordrecht,DOR,"119,000"
18,Saudi Arabia,SAU,MEA,Riyadh,RIY,"7,676,654"
18,Saudi Arabia,SAU,MEA,Jeddah,JED,"4,697,000"
18,Saudi Arabia,SAU,MEA,Mecca,MKH,"2,042,000"
18,Saudi Arabia,SAU,MEA,Medina,MED,"1,488,000"
18,Saudi Arabia,SAU,MEA,Dammam,DMM,"1,063,000"
18,Saudi Arabia,SAU,MEA,Taif,TIF,"987,000"
18,Saudi Arabia,SAU,MEA,Khobar,KHB,"952,000"
18,Saudi Arabia,SAU,MEA,Tabuk,TUU,"700,000"
18,Saudi Arabia,SAU,MEA,Abha,AHB,"387,000"
18,Saudi Arabia,SAU,MEA,Hail,HAS,"310,000"
18,Saudi Arabia,SAU,MEA,Najran,EAM,"280,000"
18,Saudi Arabia,SAU,MEA,Jubail,QJB,"265,000"
18,Saudi Arabia,SAU,MEA,Khamis Mushait,KMX,"480,000"
18,Saudi Arabia,SAU,MEA,Al-Qatif,QTF,"230,000"
18,Saudi Arabia,SAU,MEA,Yanbu,YNB,"188,000"
18,Saudi Arabia,SAU,MEA,Al-Ahsa,HOF,"350,000"
18,Saudi Arabia,SAU,MEA,Jizan,GIZ,"225,000"
18,Saudi Arabia,SAU,MEA,Qassim,ELQ,"400,000"
18,Saudi Arabia,SAU,MEA,Khurais,XRS,"150,000"
18,Saudi Arabia,SAU,MEA,Hafar Al-Batin,HBT,"250,000"
19,Turkey,TUR,Europe,Istanbul,IST,"15,460,000"
19,Turkey,TUR,Europe,Ankara,ANK,"5,747,325"
19,Turkey,TUR,Europe,Izmir,IZM,"2,972,000"
19,Turkey,TUR,Europe,Bursa,BTZ,"2,102,000"
19,Turkey,TUR,Europe,Adana,ADA,"1,773,000"
19,Turkey,TUR,Europe,Gaziantep,GZT,"2,101,000"
19,Turkey,TUR,Europe,Konya,KYA,"1,226,000"
19,Turkey,TUR,Europe,Antalya,AYT,"1,277,000"
19,Turkey,TUR,Europe,Diyarbakir,DIY,"1,000,000"
19,Turkey,TUR,Europe,Mersin,MRS,"1,000,000"
19,Turkey,TUR,Europe,Kayseri,ASR,"1,000,000"
19,Turkey,TUR,Europe,Esenyurt,ESY,"900,000"
19,Turkey,TUR,Europe,Pendik,PDK,"700,000"
19,Turkey,TUR,Europe,Atasehir,ATS,"450,000"
19,Turkey,TUR,Europe,Umraniye,UMR,"700,000"
19,Turkey,TUR,Europe,Sisli,SSL,"280,000"
19,Turkey,TUR,Europe,Kahramanmaras,KCM,"600,000"
19,Turkey,TUR,Europe,Trabzon,TZX,"310,000"
19,Turkey,TUR,Europe,Malatya,MLX,"620,000"
19,Turkey,TUR,Europe,Erzurum,ERZ,"400,000"
20,Switzerland,CHE,Europe,Zurich,ZRH,"434,335"
20,Switzerland,CHE,Europe,Geneva,GVA,"203,856"
20,Switzerland,CHE,Europe,Basel,BSL,"178,120"
20,Switzerland,CHE,Europe,Bern,BRN,"133,791"
20,Switzerland,CHE,Europe,Lausanne,LSN,"140,202"
20,Switzerland,CHE,Europe,Winterthur,WTR,"115,000"
20,Switzerland,CHE,Europe,Lucerne,LUZ,"83,000"
20,Switzerland,CHE,Europe,St. Gallen,STG,"80,000"
20,Switzerland,CHE,Europe,Lugano,LUG,"63,000"
20,Switzerland,CHE,Europe,Biel,BIL,"55,000"
20,Switzerland,CHE,Europe,Thun,THN,"44,000"
20,Switzerland,CHE,Europe,Koniz,KNZ,"42,000"
20,Switzerland,CHE,Europe,La Chaux-de-Fonds,CDF,"38,000"
20,Switzerland,CHE,Europe,Schaffhausen,SFH,"36,000"
20,Switzerland,CHE,Europe,Fribourg,FRB,"38,000"
20,Switzerland,CHE,Europe,Chur,CHR,"36,000"
20,Switzerland,CHE,Europe,Vernier,VNR,"35,000"
20,Switzerland,CHE,Europe,Uster,UST,"35,000"
20,Switzerland,CHE,Europe,Neuchatel,NCH,"43,000"
20,Switzerland,CHE,Europe,Sion,SIO,"34,000"
21,Argentina,ARG,Americas,Buenos Aires,BUE,"3,075,646"
21,Argentina,ARG,Americas,Cordoba,COR,"1,454,536"
21,Argentina,ARG,Americas,Rosario,ROS,"1,193,605"
21,Argentina,ARG,Americas,Mendoza,MDZ,"990,023"
21,Argentina,ARG,Americas,Tucuman,TUC,"800,000"
21,Argentina,ARG,Americas,La Plata,LAP,"765,000"
21,Argentina,ARG,Americas,Mar del Plata,MDQ,"685,619"
21,Argentina,ARG,Americas,Salta,SLA,"618,000"
21,Argentina,ARG,Americas,Santa Fe,SFE,"524,000"
21,Argentina,ARG,Americas,San Juan,UAQ,"440,000"
21,Argentina,ARG,Americas,Resistencia,RES,"400,000"
21,Argentina,ARG,Americas,Corrientes,CNQ,"395,783"
21,Argentina,ARG,Americas,Lanus,LNS,"468,000"
21,Argentina,ARG,Americas,Quilmes,QUI,"582,000"
21,Argentina,ARG,Americas,Almirante Brown,ALM,"555,000"
21,Argentina,ARG,Americas,Florencio Varela,FLV,"430,000"
21,Argentina,ARG,Americas,Moreno,MNO,"453,000"
21,Argentina,ARG,Americas,General Pueyrredon,MDP,"365,000"
21,Argentina,ARG,Americas,Neuquen,NQN,"350,000"
21,Argentina,ARG,Americas,Santiago del Estero,SDE,"310,000"
22,Poland,POL,Europe,Warsaw,WAW,"1,793,000"
22,Poland,POL,Europe,Krakow,KRK,"779,966"
22,Poland,POL,Europe,Lodz,LDZ,"672,185"
22,Poland,POL,Europe,Wroclaw,WRO,"641,607"
22,Poland,POL,Europe,Poznan,POZ,"549,816"
22,Poland,POL,Europe,Gdansk,GDN,"470,904"
22,Poland,POL,Europe,Szczecin,SZZ,"402,465"
22,Poland,POL,Europe,Bydgoszcz,BYD,"348,190"
22,Poland,POL,Europe,Lublin,LUZ,"339,682"
22,Poland,POL,Europe,Katowice,KTW,"295,312"
22,Poland,POL,Europe,Bialystok,BZG,"297,554"
22,Poland,POL,Europe,Gdynia,GDY,"246,309"
22,Poland,POL,Europe,Czestochowa,CZW,"225,882"
22,Poland,POL,Europe,Radom,RDO,"217,859"
22,Poland,POL,Europe,Sosnowiec,SOS,"199,974"
22,Poland,POL,Europe,Torun,TRN,"201,447"
22,Poland,POL,Europe,Kielce,KLC,"198,444"
22,Poland,POL,Europe,Rzeszow,RZE,"196,208"
22,Poland,POL,Europe,Gliwice,GLI,"180,111"
22,Poland,POL,Europe,Zabrze,ZBR,"173,908"
23,Sweden,SWE,Europe,Stockholm,STO,"975,551"
23,Sweden,SWE,Europe,Gothenburg,GOT,"583,056"
23,Sweden,SWE,Europe,Malmo,MMA,"347,949"
23,Sweden,SWE,Europe,Uppsala,UPP,"233,839"
23,Sweden,SWE,Europe,Vasteras,VAS,"119,373"
23,Sweden,SWE,Europe,Orebro,ORE,"149,027"
23,Sweden,SWE,Europe,Linkoping,LPI,"163,051"
23,Sweden,SWE,Europe,Helsingborg,HLB,"149,280"
23,Sweden,SWE,Europe,Jonkoping,JKG,"141,285"
23,Sweden,SWE,Europe,Norrkoping,NRK,"141,676"
23,Sweden,SWE,Europe,Lund,LND,"124,935"
23,Sweden,SWE,Europe,Umea,UME,"128,966"
23,Sweden,SWE,Europe,Gavle,GVX,"102,426"
23,Sweden,SWE,Europe,Boras,BOR,"113,578"
23,Sweden,SWE,Europe,Sodertalje,STL,"97,700"
23,Sweden,SWE,Europe,Eskilstuna,ESK,"103,593"
23,Sweden,SWE,Europe,Sundsvall,SDL,"99,443"
23,Sweden,SWE,Europe,Huddinge,HUD,"107,000"
23,Sweden,SWE,Europe,Nacka,NAC,"105,000"
23,Sweden,SWE,Europe,Karlstad,KSD,"91,776"
24,Belgium,BEL,Europe,Brussels,BRU,"1,220,961"
24,Belgium,BEL,Europe,Antwerp,ANT,"530,504"
24,Belgium,BEL,Europe,Ghent,GNT,"267,086"
24,Belgium,BEL,Europe,Charleroi,CRL,"202,000"
24,Belgium,BEL,Europe,Liege,LGG,"197,355"
24,Belgium,BEL,Europe,Bruges,BRU,"118,284"
24,Belgium,BEL,Europe,Namur,QNM,"113,801"
24,Belgium,BEL,Europe,Leuven,LGG,"101,032"
24,Belgium,BEL,Europe,Mons,MON,"97,013"
24,Belgium,BEL,Europe,Aalst,AAL,"87,000"
24,Belgium,BEL,Europe,Mechelen,MHE,"86,000"
24,Belgium,BEL,Europe,La Louviere,LLV,"80,000"
24,Belgium,BEL,Europe,Kortrijk,KRT,"77,000"
24,Belgium,BEL,Europe,Hasselt,HAS,"77,000"
24,Belgium,BEL,Europe,Ostend,OST,"72,000"
24,Belgium,BEL,Europe,Sint-Niklaas,SNK,"74,000"
24,Belgium,BEL,Europe,Tournai,TRN,"68,000"
24,Belgium,BEL,Europe,Genk,GNK,"65,000"
24,Belgium,BEL,Europe,Seraing,SER,"61,000"
24,Belgium,BEL,Europe,Roeselare,RSL,"60,000"
25,Thailand,THA,Asia,Bangkok,BKK,"10,723,000"
25,Thailand,THA,Asia,Samut Prakan,SPK,"1,000,000"
25,Thailand,THA,Asia,Nonthaburi,NNT,"900,000"
25,Thailand,THA,Asia,Chiang Mai,CNX,"131,000"
25,Thailand,THA,Asia,Hat Yai,HDY,"522,000"
25,Thailand,THA,Asia,Udon Thani,UTH,"406,000"
25,Thailand,THA,Asia,Pattaya,UTP,"119,532"
25,Thailand,THA,Asia,Khon Kaen,KKC,"300,000"
25,Thailand,THA,Asia,Chon Buri,BFV,"300,000"
25,Thailand,THA,Asia,Nakhon Ratchasima,NAK,"300,000"
25,Thailand,THA,Asia,Surat Thani,URT,"131,000"
25,Thailand,THA,Asia,Ubon Ratchathani,UBP,"150,000"
25,Thailand,THA,Asia,Rayong,RAY,"100,000"
25,Thailand,THA,Asia,Nakhon Si Thammarat,NST,"103,000"
25,Thailand,THA,Asia,Phitsanulok,PHS,"98,000"
25,Thailand,THA,Asia,Chiang Rai,CEI,"75,000"
25,Thailand,THA,Asia,Lampang,LPT,"57,000"
25,Thailand,THA,Asia,Mueang Nakhon Sawan,NST,"90,000"
25,Thailand,THA,Asia,Songkhla,SGZ,"74,000"
25,Thailand,THA,Asia,Nakhon Pathom,NKT,"72,000"
26,Ireland,IRL,Europe,Dublin,DUB,"1,173,179"
26,Ireland,IRL,Europe,Cork,ORK,"222,333"
26,Ireland,IRL,Europe,Limerick,LMK,"94,192"
26,Ireland,IRL,Europe,Galway,GWY,"83,456"
26,Ireland,IRL,Europe,Waterford,WAT,"53,504"
26,Ireland,IRL,Europe,Drogheda,DRO,"41,000"
26,Ireland,IRL,Europe,Dundalk,DKL,"39,000"
26,Ireland,IRL,Europe,Swords,SWO,"39,000"
26,Ireland,IRL,Europe,Bray,BRY,"32,000"
26,Ireland,IRL,Europe,Navan,NAV,"30,000"
26,Ireland,IRL,Europe,Kilkenny,KLK,"26,000"
26,Ireland,IRL,Europe,Ennis,ENI,"25,000"
26,Ireland,IRL,Europe,Carlow,CAR,"24,000"
26,Ireland,IRL,Europe,Tralee,KIR,"23,000"
26,Ireland,IRL,Europe,Newbridge,NBG,"23,000"
26,Ireland,IRL,Europe,Portlaoise,PRT,"22,000"
26,Ireland,IRL,Europe,Balbriggan,BAL,"21,000"
26,Ireland,IRL,Europe,Naas,NAS,"21,000"
26,Ireland,IRL,Europe,Athlone,ATH,"20,000"
26,Ireland,IRL,Europe,Mullingar,MUL,"20,000"
27,Norway,NOR,Europe,Oslo,OSL,"1,010,000"
27,Norway,NOR,Europe,Bergen,BGO,"285,900"
27,Norway,NOR,Europe,Trondheim,TRD,"207,595"
27,Norway,NOR,Europe,Stavanger,SVG,"216,000"
27,Norway,NOR,Europe,Drammen,DRM,"100,600"
27,Norway,NOR,Europe,Fredrikstad,FRK,"82,000"
27,Norway,NOR,Europe,Kristiansand,KRS,"111,000"
27,Norway,NOR,Europe,Sandnes,SND,"79,000"
27,Norway,NOR,Europe,Asker,ASK,"64,000"
27,Norway,NOR,Europe,Haugesund,HAU,"37,000"
27,Norway,NOR,Europe,Tonsberg,TOS,"52,000"
27,Norway,NOR,Europe,Skien,SKE,"78,000"
27,Norway,NOR,Europe,Porsgrunn,POR,"35,000"
27,Norway,NOR,Europe,Alesund,AES,"47,000"
27,Norway,NOR,Europe,Sandefjord,SAN,"62,000"
27,Norway,NOR,Europe,Kongsberg,KON,"26,000"
27,Norway,NOR,Europe,Sarpsborg,SPG,"55,000"
27,Norway,NOR,Europe,Bodø,BOO,"52,000"
27,Norway,NOR,Europe,Molde,MOL,"26,000"
27,Norway,NOR,Europe,Lillehammer,LIL,"27,000"
28,Israel,ISR,MEA,Jerusalem,JRS,"936,425"
28,Israel,ISR,MEA,Tel Aviv,TLV,"460,613"
28,Israel,ISR,MEA,Haifa,HFA,"285,316"
28,Israel,ISR,MEA,Rishon LeZion,RSZ,"252,700"
28,Israel,ISR,MEA,Petah Tikva,PTE,"253,900"
28,Israel,ISR,MEA,Ashdod,ASH,"229,000"
28,Israel,ISR,MEA,Netanya,NET,"220,000"
28,Israel,ISR,MEA,Beer Sheva,BEV,"209,687"
28,Israel,ISR,MEA,Bnei Brak,BNB,"190,000"
28,Israel,ISR,MEA,Bat Yam,BAT,"137,600"
28,Israel,ISR,MEA,Holon,HOL,"193,700"
28,Israel,ISR,MEA,Ramat Gan,RMG,"152,900"
28,Israel,ISR,MEA,Ashkelon,ASK,"139,000"
28,Israel,ISR,MEA,Rehovot,REH,"138,000"
28,Israel,ISR,MEA,Herzliya,HEZ,"100,000"
28,Israel,ISR,MEA,Kfar Saba,KFS,"98,000"
28,Israel,ISR,MEA,Modi'in,MDN,"93,000"
28,Israel,ISR,MEA,Nazareth,NAZ,"76,900"
28,Israel,ISR,MEA,Lod,LOD,"80,000"
28,Israel,ISR,MEA,Ramla,RAM,"73,000"
29,Austria,AUT,Europe,Vienna,VIE,"1,897,491"
29,Austria,AUT,Europe,Graz,GRZ,"291,000"
29,Austria,AUT,Europe,Linz,LNZ,"206,000"
29,Austria,AUT,Europe,Salzburg,SZG,"155,021"
29,Austria,AUT,Europe,Innsbruck,INN,"132,493"
29,Austria,AUT,Europe,Klagenfurt,KLU,"101,403"
29,Austria,AUT,Europe,Villach,VIL,"64,000"
29,Austria,AUT,Europe,Wels,WEL,"62,000"
29,Austria,AUT,Europe,Sankt Polten,POL,"56,000"
29,Austria,AUT,Europe,Dornbirn,DOB,"48,000"
29,Austria,AUT,Europe,Wiener Neustadt,WNS,"45,000"
29,Austria,AUT,Europe,Steyr,STR,"38,000"
29,Austria,AUT,Europe,Feldkirch,FEL,"33,000"
29,Austria,AUT,Europe,Bregenz,BRZ,"29,000"
29,Austria,AUT,Europe,Leonding,LEO,"27,000"
29,Austria,AUT,Europe,Klosterneuburg,KLO,"26,000"
29,Austria,AUT,Europe,Leoben,LBN,"23,000"
29,Austria,AUT,Europe,Krems,KRE,"24,000"
29,Austria,AUT,Europe,Traun,TRA,"24,000"
29,Austria,AUT,Europe,Amstetten,AMS,"24,000"
30,United Arab Emirates,UAE,MEA,Dubai,DXB,"3,331,420"
30,United Arab Emirates,UAE,MEA,Abu Dhabi,AUH,"1,483,000"
30,United Arab Emirates,UAE,MEA,Sharjah,SHJ,"1,274,749"
30,United Arab Emirates,UAE,MEA,Al Ain,AAN,"766,936"
30,United Arab Emirates,UAE,MEA,Ajman,AJM,"504,846"
30,United Arab Emirates,UAE,MEA,Ras Al Khaimah,RKT,"247,000"
30,United Arab Emirates,UAE,MEA,Fujairah,FJR,"225,769"
30,United Arab Emirates,UAE,MEA,Umm Al Quwain,RKT,"72,000"
30,United Arab Emirates,UAE,MEA,Khor Fakkan,KHF,"53,000"
30,United Arab Emirates,UAE,MEA,Dibba Al-Hisn,DBH,"27,000"
30,United Arab Emirates,UAE,MEA,Al Quoz,AQZ,"200,000"
30,United Arab Emirates,UAE,MEA,Khalifa City,KHC,"150,000"
30,United Arab Emirates,UAE,MEA,Deira,DEI,"700,000"
30,United Arab Emirates,UAE,MEA,Bur Dubai,BDU,"400,000"
30,United Arab Emirates,UAE,MEA,Al Muwaylih,ALM,"40,000"
30,United Arab Emirates,UAE,MEA,Ruwais,RWS,"16,000"
30,United Arab Emirates,UAE,MEA,Kalba,KBA,"65,000"
30,United Arab Emirates,UAE,MEA,Dhaid,DHD,"10,000"
30,United Arab Emirates,UAE,MEA,Al Hamriyah,ALH,"8,000"
30,United Arab Emirates,UAE,MEA,Madinat Zayed,MDZ,"18,000"
31,Singapore,SGP,Asia,Singapore,SGP,"5,850,342"
31,Singapore,SGP,Asia,Jurong West,JRW,"280,000"
31,Singapore,SGP,Asia,Tampines,TMP,"260,000"
31,Singapore,SGP,Asia,Woodlands,WDS,"250,000"
31,Singapore,SGP,Asia,Sengkang,SKG,"240,000"
31,Singapore,SGP,Asia,Punggol,PNG,"200,000"
31,Singapore,SGP,Asia,Hougang,HGN,"220,000"
31,Singapore,SGP,Asia,Yishun,YSN,"220,000"
31,Singapore,SGP,Asia,Bukit Batok,BBT,"150,000"
31,Singapore,SGP,Asia,Choa Chu Kang,CCK,"175,000"
31,Singapore,SGP,Asia,Bedok,BDK,"280,000"
31,Singapore,SGP,Asia,Ang Mo Kio,AMK,"165,000"
31,Singapore,SGP,Asia,Toa Payoh,TPY,"110,000"
31,Singapore,SGP,Asia,Pasir Ris,PRI,"135,000"
31,Singapore,SGP,Asia,Serangoon,SRN,"115,000"
31,Singapore,SGP,Asia,Clementi,CLM,"80,000"
31,Singapore,SGP,Asia,Queenstown,QST,"90,000"
31,Singapore,SGP,Asia,Geylang,GYL,"100,000"
31,Singapore,SGP,Asia,Bishan,BSN,"80,000"
31,Singapore,SGP,Asia,Kallang,KLG,"75,000"
32,Nigeria,NGA,MEA,Lagos,LOS,"14,862,000"
32,Nigeria,NGA,MEA,Kano,KAN,"3,848,885"
32,Nigeria,NGA,MEA,Ibadan,IBA,"3,649,000"
32,Nigeria,NGA,MEA,Abuja,ABV,"3,464,000"
32,Nigeria,NGA,MEA,Port Harcourt,PHC,"1,865,000"
32,Nigeria,NGA,MEA,Benin City,BNI,"1,782,000"
32,Nigeria,NGA,MEA,Maiduguri,MIU,"1,112,449"
32,Nigeria,NGA,MEA,Zaria,ZAR,"1,018,827"
32,Nigeria,NGA,MEA,Aba,ABA,"897,560"
32,Nigeria,NGA,MEA,Jos,JOS,"900,000"
32,Nigeria,NGA,MEA,Ilorin,ILR,"814,192"
32,Nigeria,NGA,MEA,Ogbomosho,OGB,"680,000"
32,Nigeria,NGA,MEA,Onitsha,ONT,"680,000"
32,Nigeria,NGA,MEA,Warri,WAR,"604,788"
32,Nigeria,NGA,MEA,Sokoto,SKO,"596,000"
32,Nigeria,NGA,MEA,Asaba,ABH,"500,000"
32,Nigeria,NGA,MEA,Enugu,ENU,"722,664"
32,Nigeria,NGA,MEA,Abeokuta,ABK,"460,000"
32,Nigeria,NGA,MEA,Owerri,OWE,"401,873"
32,Nigeria,NGA,MEA,Kaduna,KAD,"1,582,102"
33,Philippines,PHL,Asia,Quezon City,QCY,"2,960,048"
33,Philippines,PHL,Asia,Manila,MNL,"1,846,513"
33,Philippines,PHL,Asia,Davao,DVO,"1,776,949"
33,Philippines,PHL,Asia,Caloocan,CLK,"1,661,584"
33,Philippines,PHL,Asia,Zamboanga,ZAM,"977,234"
33,Philippines,PHL,Asia,Cebu City,CEB,"964,169"
33,Philippines,PHL,Asia,Antipolo,ANT,"887,399"
33,Philippines,PHL,Asia,Pasig,PSG,"803,159"
33,Philippines,PHL,Asia,Taguig,TGG,"804,915"
33,Philippines,PHL,Asia,Valenzuela,VAL,"714,978"
33,Philippines,PHL,Asia,Dasmariñas,DSM,"703,141"
33,Philippines,PHL,Asia,Cagayan de Oro,CGY,"728,402"
33,Philippines,PHL,Asia,General Santos,GES,"697,315"
33,Philippines,PHL,Asia,Parañaque,PNK,"689,992"
33,Philippines,PHL,Asia,Las Piñas,LPI,"606,293"
33,Philippines,PHL,Asia,Makati,MKT,"582,602"
33,Philippines,PHL,Asia,Bacoor,BKR,"664,625"
33,Philippines,PHL,Asia,Marikina,MRN,"450,741"
33,Philippines,PHL,Asia,Muntinlupa,MNT,"504,509"
33,Philippines,PHL,Asia,Imus,IMS,"523,559"
34,Malaysia,MYS,Asia,Kuala Lumpur,KUL,"1,982,000"
34,Malaysia,MYS,Asia,Klang,KLG,"879,867"
34,Malaysia,MYS,Asia,Subang Jaya,SJY,"754,588"
34,Malaysia,MYS,Asia,Ipoh,IPH,"742,800"
34,Malaysia,MYS,Asia,Johor Bahru,JHB,"802,000"
34,Malaysia,MYS,Asia,Petaling Jaya,PTJ,"644,408"
34,Malaysia,MYS,Asia,Shah Alam,SHA,"665,700"
34,Malaysia,MYS,Asia,Penang,PEN,"775,202"
34,Malaysia,MYS,Asia,Ampang Jaya,AMP,"643,000"
34,Malaysia,MYS,Asia,Kuching,KCH,"700,000"
34,Malaysia,MYS,Asia,Kota Kinabalu,BKI,"462,000"
34,Malaysia,MYS,Asia,Kajang,KJG,"601,900"
34,Malaysia,MYS,Asia,Seremban,SBN,"555,000"
34,Malaysia,MYS,Asia,Kota Bharu,KBR,"507,000"
34,Malaysia,MYS,Asia,Alor Setar,AOR,"410,000"
34,Malaysia,MYS,Asia,Malacca,MKZ,"484,885"
34,Malaysia,MYS,Asia,Miri,MYY,"350,000"
34,Malaysia,MYS,Asia,Kuantan,KUA,"427,000"
34,Malaysia,MYS,Asia,Kuala Terengganu,TGG,"390,000"
34,Malaysia,MYS,Asia,Putrajaya,PUT,"107,000"
35,Denmark,DNK,Europe,Copenhagen,CPH,"794,128"
35,Denmark,DNK,Europe,Aarhus,AAR,"349,983"
35,Denmark,DNK,Europe,Odense,ODE,"180,760"
35,Denmark,DNK,Europe,Aalborg,AAL,"217,447"
35,Denmark,DNK,Europe,Frederiksberg,FDB,"103,567"
35,Denmark,DNK,Europe,Copenhagen S,CNS,"110,000"
35,Denmark,DNK,Europe,Esbjerg,EBJ,"116,302"
35,Denmark,DNK,Europe,Horsens,HOR,"87,000"
35,Denmark,DNK,Europe,Vejle,VEJ,"115,000"
35,Denmark,DNK,Europe,Randers,RND,"97,000"
35,Denmark,DNK,Europe,Kolding,KLD,"92,000"
35,Denmark,DNK,Europe,Helsingør,HEL,"63,000"
35,Denmark,DNK,Europe,Herning,HRN,"88,000"
35,Denmark,DNK,Europe,Silkeborg,SIL,"91,000"
35,Denmark,DNK,Europe,Naestved,NST,"53,000"
35,Denmark,DNK,Europe,Fredericia,FRC,"40,000"
35,Denmark,DNK,Europe,Viborg,VIB,"97,000"
35,Denmark,DNK,Europe,Hillerød,HIL,"50,000"
35,Denmark,DNK,Europe,Holstebro,HBR,"57,000"
35,Denmark,DNK,Europe,Sønderborg,SNB,"42,000"
36,South Africa,ZAF,MEA,Johannesburg,JNB,"5,635,127"
36,South Africa,ZAF,MEA,Cape Town,CPT,"4,618,000"
36,South Africa,ZAF,MEA,Ekurhuleni,EKU,"3,379,104"
36,South Africa,ZAF,MEA,Durban,DUR,"3,720,000"
36,South Africa,ZAF,MEA,Pretoria,PRY,"2,921,488"
36,South Africa,ZAF,MEA,Port Elizabeth,PLZ,"1,152,115"
36,South Africa,ZAF,MEA,Pietermaritzburg,PZB,"750,845"
36,South Africa,ZAF,MEA,Benoni,BNO,"500,000"
36,South Africa,ZAF,MEA,Tembisa,TEM,"408,748"
36,South Africa,ZAF,MEA,East London,ELS,"480,000"
36,South Africa,ZAF,MEA,Vereeniging,VER,"375,000"
36,South Africa,ZAF,MEA,Bloemfontein,BFN,"369,568"
36,South Africa,ZAF,MEA,Boksburg,BKS,"370,000"
36,South Africa,ZAF,MEA,Welkom,WEL,"330,000"
36,South Africa,ZAF,MEA,Newcastle,NCL,"320,000"
36,South Africa,ZAF,MEA,Krugersdorp,KRU,"350,000"
36,South Africa,ZAF,MEA,Richards Bay,RCB,"356,766"
36,South Africa,ZAF,MEA,Witbank,WTB,"350,000"
36,South Africa,ZAF,MEA,Soweto,SWT,"1,695,047"
36,South Africa,ZAF,MEA,Vanderbijlpark,VBP,"350,000"
37,Bangladesh,BGD,Asia,Dhaka,DAC,"22,478,116"
37,Bangladesh,BGD,Asia,Chittagong,CGP,"5,566,000"
37,Bangladesh,BGD,Asia,Khulna,KHL,"1,500,000"
37,Bangladesh,BGD,Asia,Rajshahi,RJH,"900,000"
37,Bangladesh,BGD,Asia,Sylhet,ZYL,"600,000"
37,Bangladesh,BGD,Asia,Comilla,COM,"530,000"
37,Bangladesh,BGD,Asia,Rangpur,RNP,"470,000"
37,Bangladesh,BGD,Asia,Mymensingh,MYM,"430,000"
37,Bangladesh,BGD,Asia,Narayanganj,NAJ,"1,600,000"
37,Bangladesh,BGD,Asia,Gazipur,GAZ,"1,750,000"
37,Bangladesh,BGD,Asia,Tongi,TON,"350,000"
37,Bangladesh,BGD,Asia,Savar,SAV,"700,000"
37,Bangladesh,BGD,Asia,Barisal,BZL,"340,000"
37,Bangladesh,BGD,Asia,Jessore,JSR,"280,000"
37,Bangladesh,BGD,Asia,Bogra,BGW,"250,000"
37,Bangladesh,BGD,Asia,Dinajpur,DIN,"200,000"
37,Bangladesh,BGD,Asia,Nawabganj,NAW,"180,000"
37,Bangladesh,BGD,Asia,Tangail,TNG,"170,000"
37,Bangladesh,BGD,Asia,Faridpur,FAR,"165,000"
37,Bangladesh,BGD,Asia,Chandpur,CHP,"140,000"
38,Egypt,EGY,MEA,Cairo,CAI,"21,750,020"
38,Egypt,EGY,MEA,Alexandria,ALY,"5,200,000"
38,Egypt,EGY,MEA,Giza,GIZ,"3,628,062"
38,Egypt,EGY,MEA,Shubra El Kheima,SUB,"1,099,354"
38,Egypt,EGY,MEA,Port Said,PSD,"749,371"
38,Egypt,EGY,MEA,Suez,SUZ,"748,700"
38,Egypt,EGY,MEA,Luxor,LXR,"422,407"
38,Egypt,EGY,MEA,Al-Mansura,MAN,"495,620"
38,Egypt,EGY,MEA,El-Mahalla El-Kubra,MAH,"535,278"
38,Egypt,EGY,MEA,Tanta,TAN,"439,294"
38,Egypt,EGY,MEA,Asyut,ATZ,"420,887"
38,Egypt,EGY,MEA,Ismailia,ISM,"391,300"
38,Egypt,EGY,MEA,Fayyum,FAY,"350,000"
38,Egypt,EGY,MEA,Zagazig,ZAG,"285,000"
38,Egypt,EGY,MEA,Damanhur,DAM,"281,000"
38,Egypt,EGY,MEA,Minya,MIN,"236,000"
38,Egypt,EGY,MEA,Dammietta,DAT,"194,400"
38,Egypt,EGY,MEA,Aswan,ASW,"195,000"
38,Egypt,EGY,MEA,Sohag,SOH,"186,000"
38,Egypt,EGY,MEA,Beni Suef,BSF,"212,000"
39,Vietnam,VNM,Asia,Ho Chi Minh City,SGN,"9,000,000"
39,Vietnam,VNM,Asia,Hanoi,HAN,"8,100,000"
39,Vietnam,VNM,Asia,Can Tho,VCA,"1,200,000"
39,Vietnam,VNM,Asia,Haiphong,HPH,"2,028,514"
39,Vietnam,VNM,Asia,Bien Hoa,VBH,"1,500,000"
39,Vietnam,VNM,Asia,Da Nang,DAD,"1,134,310"
39,Vietnam,VNM,Asia,Buon Ma Thuot,BMV,"370,000"
39,Vietnam,VNM,Asia,Nha Trang,CXR,"392,279"
39,Vietnam,VNM,Asia,Hue,HUI,"354,124"
39,Vietnam,VNM,Asia,Vung Tau,VTG,"317,000"
39,Vietnam,VNM,Asia,Quy Nhon,UIH,"296,000"
39,Vietnam,VNM,Asia,Thai Nguyen,TBD,"350,000"
39,Vietnam,VNM,Asia,Long Xuyen,LXY,"280,000"
39,Vietnam,VNM,Asia,Nam Dinh,NDI,"250,000"
39,Vietnam,VNM,Asia,Vinh,VII,"350,000"
39,Vietnam,VNM,Asia,My Tho,VMT,"270,000"
39,Vietnam,VNM,Asia,Rach Gia,VKG,"218,000"
39,Vietnam,VNM,Asia,Ca Mau,CAH,"181,000"
39,Vietnam,VNM,Asia,Da Lat,DLI,"236,000"
39,Vietnam,VNM,Asia,Bac Ninh,VBN,"320,000"
40,Hong Kong,HKG,Asia,Hong Kong,HKG,"7,491,000"
40,Hong Kong,HKG,Asia,Kowloon,KLN,"2,300,000"
40,Hong Kong,HKG,Asia,Tsuen Wan,TWN,"310,000"
40,Hong Kong,HKG,Asia,Sha Tin,STN,"650,000"
40,Hong Kong,HKG,Asia,Tuen Mun,TUM,"500,000"
40,Hong Kong,HKG,Asia,Yuen Long,YLG,"600,000"
40,Hong Kong,HKG,Asia,Tai Po,TAP,"310,000"
40,Hong Kong,HKG,Asia,Sai Kung,SKG,"240,000"
40,Hong Kong,HKG,Asia,Kwai Chung,KWC,"510,000"
40,Hong Kong,HKG,Asia,Fanling,FNL,"280,000"
40,Hong Kong,HKG,Asia,Tseung Kwan O,TKO,"440,000"
40,Hong Kong,HKG,Asia,Tin Shui Wai,TSW,"300,000"
40,Hong Kong,HKG,Asia,Hung Hom,HHM,"150,000"
40,Hong Kong,HKG,Asia,Central,CTL,"100,000"
40,Hong Kong,HKG,Asia,Wan Chai,WNC,"180,000"
40,Hong Kong,HKG,Asia,Mong Kok,MKK,"130,000"
40,Hong Kong,HKG,Asia,Causeway Bay,CWB,"90,000"
40,Hong Kong,HKG,Asia,Shau Kei Wan,SKW,"110,000"
40,Hong Kong,HKG,Asia,Aberdeen,ABD,"130,000"
40,Hong Kong,HKG,Asia,Ma On Shan,MOS,"200,000"
41,Pakistan,PAK,Asia,Karachi,KHI,"16,093,786"
41,Pakistan,PAK,Asia,Lahore,LHE,"13,095,166"
41,Pakistan,PAK,Asia,Faisalabad,LYP,"3,626,535"
41,Pakistan,PAK,Asia,Rawalpindi,RWP,"2,182,000"
41,Pakistan,PAK,Asia,Gujranwala,GUJ,"2,400,000"
41,Pakistan,PAK,Asia,Peshawar,PEW,"1,970,042"
41,Pakistan,PAK,Asia,Multan,MUX,"2,000,000"
41,Pakistan,PAK,Asia,Islamabad,ISB,"1,015,000"
41,Pakistan,PAK,Asia,Hyderabad,HDD,"1,732,693"
41,Pakistan,PAK,Asia,Quetta,UET,"1,001,205"
41,Pakistan,PAK,Asia,Bahawalpur,BHV,"762,111"
41,Pakistan,PAK,Asia,Sargodha,SGI,"659,862"
41,Pakistan,PAK,Asia,Sialkot,SKT,"655,852"
41,Pakistan,PAK,Asia,Sukkur,SKZ,"499,900"
41,Pakistan,PAK,Asia,Larkana,LRK,"490,508"
41,Pakistan,PAK,Asia,Sheikhupura,SKP,"473,129"
41,Pakistan,PAK,Asia,Rahim Yar Khan,RYK,"420,419"
41,Pakistan,PAK,Asia,Jhang,JHG,"414,131"
41,Pakistan,PAK,Asia,Dera Ghazi Khan,DEA,"399,064"
41,Pakistan,PAK,Asia,Gujrat,GRT,"336,000"
42,Chile,CHL,Americas,Santiago,SCL,"6,310,000"
42,Chile,CHL,Americas,Valparaiso,VAP,"930,000"
42,Chile,CHL,Americas,Concepcion,CCP,"1,000,000"
42,Chile,CHL,Americas,La Serena,LSC,"430,000"
42,Chile,CHL,Americas,Antofagasta,ANF,"430,000"
42,Chile,CHL,Americas,Temuco,TEM,"350,000"
42,Chile,CHL,Americas,Rancagua,RCG,"253,000"
42,Chile,CHL,Americas,Talca,TLC,"221,000"
42,Chile,CHL,Americas,Arica,ARI,"210,000"
42,Chile,CHL,Americas,Iquique,IQQ,"216,000"
42,Chile,CHL,Americas,Puerto Montt,PMC,"248,000"
42,Chile,CHL,Americas,Coquimbo,COQ,"230,000"
42,Chile,CHL,Americas,Valdivia,ZAL,"166,000"
42,Chile,CHL,Americas,Punta Arenas,PUQ,"132,000"
42,Chile,CHL,Americas,San Pedro de la Paz,SNP,"133,000"
42,Chile,CHL,Americas,Calama,CJC,"170,000"
42,Chile,CHL,Americas,Osorno,ZOS,"163,000"
42,Chile,CHL,Americas,Quilpue,QLP,"153,000"
42,Chile,CHL,Americas,Villa Alemana,VIL,"131,000"
42,Chile,CHL,Americas,Copiapó,CPO,"158,000"
43,Finland,FIN,Europe,Helsinki,HEL,"658,457"
43,Finland,FIN,Europe,Espoo,ESP,"297,000"
43,Finland,FIN,Europe,Tampere,TMP,"244,029"
43,Finland,FIN,Europe,Vantaa,VAN,"229,593"
43,Finland,FIN,Europe,Oulu,OUL,"207,000"
43,Finland,FIN,Europe,Turku,TKU,"193,000"
43,Finland,FIN,Europe,Jyvaskyla,JYV,"143,000"
43,Finland,FIN,Europe,Lahti,LHT,"119,000"
43,Finland,FIN,Europe,Kuopio,KUO,"119,000"
43,Finland,FIN,Europe,Pori,POR,"84,000"
43,Finland,FIN,Europe,Kouvola,KOV,"83,000"
43,Finland,FIN,Europe,Joensuu,JOE,"75,000"
43,Finland,FIN,Europe,Lappeenranta,LAP,"72,000"
43,Finland,FIN,Europe,Vaasa,VAA,"67,000"
43,Finland,FIN,Europe,Hameenlinna,HLN,"67,000"
43,Finland,FIN,Europe,Rovaniemi,RVN,"63,000"
43,Finland,FIN,Europe,Seinajoki,SJY,"63,000"
43,Finland,FIN,Europe,Kotka,KOT,"52,000"
43,Finland,FIN,Europe,Mikkeli,MIK,"54,000"
43,Finland,FIN,Europe,Salo,SAL,"55,000"
44,Romania,ROU,Europe,Bucharest,OTP,"1,803,425"
44,Romania,ROU,Europe,Cluj-Napoca,CNA,"322,108"
44,Romania,ROU,Europe,Timisoara,TSR,"319,279"
44,Romania,ROU,Europe,Iasi,IAS,"290,422"
44,Romania,ROU,Europe,Craiova,CRA,"269,506"
44,Romania,ROU,Europe,Constanta,CND,"283,872"
44,Romania,ROU,Europe,Galati,GLA,"249,432"
44,Romania,ROU,Europe,Brasov,BRV,"253,200"
44,Romania,ROU,Europe,Ploiesti,PLO,"209,945"
44,Romania,ROU,Europe,Braila,BRL,"180,302"
44,Romania,ROU,Europe,Oradea,OMR,"196,367"
44,Romania,ROU,Europe,Bacau,BCM,"144,307"
44,Romania,ROU,Europe,Arad,ARW,"159,000"
44,Romania,ROU,Europe,Pitesti,PIT,"155,383"
44,Romania,ROU,Europe,Sibiu,SBZ,"147,245"
44,Romania,ROU,Europe,Targu Mures,TGM,"134,290"
44,Romania,ROU,Europe,Baia Mare,BAY,"122,552"
44,Romania,ROU,Europe,Buzau,BCZ,"115,494"
44,Romania,ROU,Europe,Botoșani,BOT,"106,847"
44,Romania,ROU,Europe,Ramnicu Valcea,RMV,"98,776"
45,Czech Republic,CZE,Europe,Prague,PRG,"1,335,084"
45,Czech Republic,CZE,Europe,Brno,BRQ,"382,405"
45,Czech Republic,CZE,Europe,Ostrava,OSR,"284,082"
45,Czech Republic,CZE,Europe,Plzen,PLZ,"174,802"
45,Czech Republic,CZE,Europe,Liberec,LBC,"103,853"
45,Czech Republic,CZE,Europe,Olomouc,OLC,"99,529"
45,Czech Republic,CZE,Europe,Ústí nad Labem,UAD,"90,000"
45,Czech Republic,CZE,Europe,České Budějovice,BUD,"94,000"
45,Czech Republic,CZE,Europe,Hradec Králové,HKE,"92,000"
45,Czech Republic,CZE,Europe,Pardubice,PED,"91,000"
45,Czech Republic,CZE,Europe,Zlín,ZLN,"74,000"
45,Czech Republic,CZE,Europe,Havirov,HAV,"70,000"
45,Czech Republic,CZE,Europe,Kladno,KLD,"70,000"
45,Czech Republic,CZE,Europe,Most,MOS,"63,000"
45,Czech Republic,CZE,Europe,Opava,OPV,"57,000"
45,Czech Republic,CZE,Europe,Frydek-Mistek,FMI,"56,000"
45,Czech Republic,CZE,Europe,Karvina,KVA,"53,000"
45,Czech Republic,CZE,Europe,Jihlava,JIH,"50,000"
45,Czech Republic,CZE,Europe,Teplice,TEP,"47,000"
45,Czech Republic,CZE,Europe,Decin,DEC,"45,000"
46,New Zealand,NZL,Asia,Auckland,AKL,"1,717,000"
46,New Zealand,NZL,Asia,Wellington,WLG,"440,000"
46,New Zealand,NZL,Asia,Christchurch,CHC,"400,000"
46,New Zealand,NZL,Asia,Hamilton,HLZ,"176,500"
46,New Zealand,NZL,Asia,Tauranga,TRG,"151,000"
46,New Zealand,NZL,Asia,Napier-Hastings,NPE,"134,000"
46,New Zealand,NZL,Asia,Dunedin,DUD,"130,000"
46,New Zealand,NZL,Asia,Palmerston North,PMR,"89,000"
46,New Zealand,NZL,Asia,Nelson,NSN,"66,000"
46,New Zealand,NZL,Asia,Rotorua,ROT,"57,000"
46,New Zealand,NZL,Asia,New Plymouth,NPL,"57,000"
46,New Zealand,NZL,Asia,Whangarei,WRE,"57,000"
46,New Zealand,NZL,Asia,Invercargill,IVC,"56,000"
46,New Zealand,NZL,Asia,Whanganui,WAG,"44,000"
46,New Zealand,NZL,Asia,Gisborne,GIS,"36,000"
46,New Zealand,NZL,Asia,Blenheim,BHE,"29,000"
46,New Zealand,NZL,Asia,Timaru,TIU,"28,000"
46,New Zealand,NZL,Asia,Taupo,TUO,"26,000"
46,New Zealand,NZL,Asia,Masterton,MRO,"21,000"
46,New Zealand,NZL,Asia,Levin,LVI,"20,000"
47,Peru,PER,Americas,Lima,LIM,"10,719,188"
47,Peru,PER,Americas,Arequipa,AQP,"1,008,290"
47,Peru,PER,Americas,Trujillo,TRU,"919,899"
47,Peru,PER,Americas,Chiclayo,CIX,"552,508"
47,Peru,PER,Americas,Piura,PIU,"494,346"
47,Peru,PER,Americas,Iquitos,IQT,"471,000"
47,Peru,PER,Americas,Callao,CAL,"1,113,000"
47,Peru,PER,Americas,Cusco,CUZ,"427,580"
47,Peru,PER,Americas,Huancayo,JAU,"375,000"
47,Peru,PER,Americas,Tacna,TCQ,"294,000"
47,Peru,PER,Americas,Juliaca,JUL,"276,000"
47,Peru,PER,Americas,Ica,ICA,"256,000"
47,Peru,PER,Americas,Sullana,SUL,"196,000"
47,Peru,PER,Americas,Huanuco,HUU,"190,000"
47,Peru,PER,Americas,Ayacucho,AYC,"177,000"
47,Peru,PER,Americas,Pucallpa,PCL,"250,000"
47,Peru,PER,Americas,Chimbote,CHM,"370,000"
47,Peru,PER,Americas,Puno,PUN,"155,000"
47,Peru,PER,Americas,Tumbes,TBP,"120,000"
47,Peru,PER,Americas,Pisco,PIS,"116,000"
48,Portugal,PRT,Europe,Lisbon,LIS,"504,718"
48,Portugal,PRT,Europe,Porto,OPO,"231,800"
48,Portugal,PRT,Europe,Vila Nova de Gaia,VNG,"303,000"
48,Portugal,PRT,Europe,Amadora,AMD,"175,000"
48,Portugal,PRT,Europe,Braga,BGC,"193,000"
48,Portugal,PRT,Europe,Setúbal,STB,"121,000"
48,Portugal,PRT,Europe,Almada,ALM,"174,000"
48,Portugal,PRT,Europe,Agualva-Cacem,AGC,"70,000"
48,Portugal,PRT,Europe,Queluz,QUE,"78,000"
48,Portugal,PRT,Europe,Funchal,FNC,"111,892"
48,Portugal,PRT,Europe,Coimbra,CBP,"105,842"
48,Portugal,PRT,Europe,Sintra,SIN,"130,000"
48,Portugal,PRT,Europe,Loures,LRS,"75,000"
48,Portugal,PRT,Europe,Barreiro,BAR,"78,000"
48,Portugal,PRT,Europe,Leiria,LRA,"50,000"
48,Portugal,PRT,Europe,Aveiro,AVI,"55,000"
48,Portugal,PRT,Europe,Viseu,VSE,"47,000"
48,Portugal,PRT,Europe,Évora,EVR,"53,000"
48,Portugal,PRT,Europe,Faro,FAO,"64,000"
48,Portugal,PRT,Europe,Portimao,PRM,"57,000"
49,Kazakhstan,KAZ,Asia,Almaty,ALA,"2,000,900"
49,Kazakhstan,KAZ,Asia,Astana,TSE,"1,200,000"
49,Kazakhstan,KAZ,Asia,Shymkent,CIT,"1,200,000"
49,Kazakhstan,KAZ,Asia,Karaganda,KGF,"497,000"
49,Kazakhstan,KAZ,Asia,Aktobe,AKX,"500,000"
49,Kazakhstan,KAZ,Asia,Taraz,DMB,"360,000"
49,Kazakhstan,KAZ,Asia,Pavlodar,PWQ,"340,000"
49,Kazakhstan,KAZ,Asia,Ust-Kamenogorsk,UKK,"310,000"
49,Kazakhstan,KAZ,Asia,Semey,PLX,"300,000"
49,Kazakhstan,KAZ,Asia,Atyrau,GUW,"280,000"
49,Kazakhstan,KAZ,Asia,Kokshetau,KOV,"140,000"
49,Kazakhstan,KAZ,Asia,Temirtau,TEI,"220,000"
49,Kazakhstan,KAZ,Asia,Turkestan,TTD,"200,000"
49,Kazakhstan,KAZ,Asia,Ekibastuz,EKB,"116,000"
49,Kazakhstan,KAZ,Asia,Kyzylorda,KZO,"200,000"
49,Kazakhstan,KAZ,Asia,Oral,URA,"200,000"
49,Kazakhstan,KAZ,Asia,Aktau,SCO,"181,000"
49,Kazakhstan,KAZ,Asia,Petropavl,PPK,"200,000"
49,Kazakhstan,KAZ,Asia,Kostanay,KSN,"220,000"
49,Kazakhstan,KAZ,Asia,Rudny,RUD,"115,000"
50,Greece,GRC,Europe,Athens,ATH,"3,155,000"
50,Greece,GRC,Europe,Thessaloniki,SKG,"824,000"
50,Greece,GRC,Europe,Patras,GPA,"270,000"
50,Greece,GRC,Europe,Heraklion,HER,"173,993"
50,Greece,GRC,Europe,Larissa,LRS,"162,591"
50,Greece,GRC,Europe,Volos,VOL,"144,000"
50,Greece,GRC,Europe,Ioannina,IOA,"112,486"
50,Greece,GRC,Europe,Chania,CHQ,"108,642"
50,Greece,GRC,Europe,Chalcis,CHL,"102,233"
50,Greece,GRC,Europe,Acharnes,ACH,"106,943"
50,Greece,GRC,Europe,Kalamaria,KAL,"91,279"
50,Greece,GRC,Europe,Nikaia,NKA,"89,380"
50,Greece,GRC,Europe,Glyfada,GLY,"87,305"
50,Greece,GRC,Europe,Peristeri,PER,"137,918"
50,Greece,GRC,Europe,Ilion,ILI,"82,141"
50,Greece,GRC,Europe,Kallithea,KLT,"100,641"
50,Greece,GRC,Europe,Piraeus,PIR,"163,688"
50,Greece,GRC,Europe,Rhodes,RHO,"115,000"
50,Greece,GRC,Europe,Agios Dimitrios,AGD,"74,000"
50,Greece,GRC,Europe,Zografou,ZGR,"71,032"
51,Colombia,COL,Americas,Bogota,BOG,"7,181,000"
51,Colombia,COL,Americas,Medellín,MDE,"2,529,000"
51,Colombia,COL,Americas,Cali,CLO,"2,401,000"
51,Colombia,COL,Americas,Barranquilla,BAQ,"1,284,000"
51,Colombia,COL,Americas,Cartagena,CTG,"1,001,000"
51,Colombia,COL,Americas,Cucuta,CUC,"750,000"
51,Colombia,COL,Americas,Bucaramanga,BGA,"581,000"
51,Colombia,COL,Americas,Soledad,SOL,"700,000"
51,Colombia,COL,Americas,Pereira,PEI,"472,000"
51,Colombia,COL,Americas,Santa Marta,SMR,"521,000"
51,Colombia,COL,Americas,Ibague,IBE,"556,000"
51,Colombia,COL,Americas,Villavicencio,VVC,"511,000"
51,Colombia,COL,Americas,Soacha,SOA,"511,000"
51,Colombia,COL,Americas,Manizales,MZL,"434,000"
51,Colombia,COL,Americas,Pasto,PSO,"443,000"
51,Colombia,COL,Americas,Monteria,MTR,"435,000"
51,Colombia,COL,Americas,Neiva,NVA,"356,000"
51,Colombia,COL,Americas,Valledupar,VUP,"482,000"
51,Colombia,COL,Americas,Palmira,PLM,"315,000"
51,Colombia,COL,Americas,Armenia,AXM,"300,000"
52,Algeria,DZA,MEA,Algiers,ALG,"3,415,811"
52,Algeria,DZA,MEA,Oran,ORN,"1,454,078"
52,Algeria,DZA,MEA,Constantine,CZL,"938,475"
52,Algeria,DZA,MEA,Annaba,AAE,"342,703"
52,Algeria,DZA,MEA,Blida,BLI,"331,779"
52,Algeria,DZA,MEA,Batna,BLJ,"330,173"
52,Algeria,DZA,MEA,Setif,QSF,"320,000"
52,Algeria,DZA,MEA,Djelfa,DJF,"265,000"
52,Algeria,DZA,MEA,Biskra,BSK,"262,000"
52,Algeria,DZA,MEA,Bejaia,BJA,"262,400"
52,Algeria,DZA,MEA,Tlemcen,TLM,"175,000"
52,Algeria,DZA,MEA,Béchar,CBH,"163,000"
52,Algeria,DZA,MEA,Tiaret,TID,"160,000"
52,Algeria,DZA,MEA,Tébessa,TEE,"200,000"
52,Algeria,DZA,MEA,El Oued,ELU,"180,000"
52,Algeria,DZA,MEA,Sidi Bel Abbes,BFW,"213,000"
52,Algeria,DZA,MEA,Médéa,MDA,"130,000"
52,Algeria,DZA,MEA,Jijel,GJL,"126,000"
52,Algeria,DZA,MEA,Mostaganem,MQV,"155,000"
52,Algeria,DZA,MEA,Skikda,SKI,"214,000"
53,Iraq,IRQ,MEA,Baghdad,BGW,"7,144,260"
53,Iraq,IRQ,MEA,Basra,BSR,"2,750,000"
53,Iraq,IRQ,MEA,Mosul,OSM,"2,065,597"
53,Iraq,IRQ,MEA,Erbil,EBL,"1,533,000"
53,Iraq,IRQ,MEA,Kirkuk,KIK,"900,000"
53,Iraq,IRQ,MEA,Sulaymaniyah,ISU,"720,000"
53,Iraq,IRQ,MEA,Najaf,NJF,"600,000"
53,Iraq,IRQ,MEA,Karbala,KAB,"572,000"
53,Iraq,IRQ,MEA,Nasiriyah,NSD,"560,000"
53,Iraq,IRQ,MEA,Fallujah,FLJ,"326,000"
53,Iraq,IRQ,MEA,Ramadi,RMD,"480,000"
53,Iraq,IRQ,MEA,Hillah,HLA,"500,000"
53,Iraq,IRQ,MEA,Amarah,AMM,"334,000"
53,Iraq,IRQ,MEA,Samawah,SWA,"270,000"
53,Iraq,IRQ,MEA,Diyala,DLI,"200,000"
53,Iraq,IRQ,MEA,Tikrit,TKR,"160,000"
53,Iraq,IRQ,MEA,Baqubah,BAQ,"454,000"
53,Iraq,IRQ,MEA,Dohuk,DOH,"400,000"
53,Iraq,IRQ,MEA,Kut,KUT,"374,000"
53,Iraq,IRQ,MEA,Diwaniyah,DIW,"420,000"
54,Hungary,HUN,Europe,Budapest,BUD,"1,752,704"
54,Hungary,HUN,Europe,Debrecen,DEB,"204,124"
54,Hungary,HUN,Europe,Miskolc,MCQ,"154,521"
54,Hungary,HUN,Europe,Szeged,QZD,"161,921"
54,Hungary,HUN,Europe,Pécs,PEV,"145,347"
54,Hungary,HUN,Europe,Győr,QGY,"131,564"
54,Hungary,HUN,Europe,Nyiregyhaza,NYR,"118,000"
54,Hungary,HUN,Europe,Kecskemet,KEC,"113,000"
54,Hungary,HUN,Europe,Szekesfehervar,SKZ,"98,000"
54,Hungary,HUN,Europe,Szombathely,SOM,"78,000"
54,Hungary,HUN,Europe,Szolnok,SZO,"73,000"
54,Hungary,HUN,Europe,Eger,EGR,"55,000"
54,Hungary,HUN,Europe,Érd,ERD,"65,000"
54,Hungary,HUN,Europe,Dunaujvaros,DUV,"46,000"
54,Hungary,HUN,Europe,Sopron,SOP,"62,000"
54,Hungary,HUN,Europe,Zalaegerszeg,ZEG,"60,000"
54,Hungary,HUN,Europe,Kaposvar,CPR,"63,000"
54,Hungary,HUN,Europe,Veszprem,VES,"60,000"
54,Hungary,HUN,Europe,Gyor,GYO,"131,564"
54,Hungary,HUN,Europe,Bekescsaba,BKS,"62,000"
55,Qatar,QAT,MEA,Doha,DOH,"2,382,000"
55,Qatar,QAT,MEA,Al Rayyan,DIA,"600,000"
55,Qatar,QAT,MEA,Al Wakrah,AWK,"200,000"
55,Qatar,QAT,MEA,Al Khor,AKH,"80,000"
55,Qatar,QAT,MEA,Mesaieed,MES,"42,000"
55,Qatar,QAT,MEA,Madinat ash Shamal,MAS,"9,000"
55,Qatar,QAT,MEA,Umm Salal,UMS,"57,000"
55,Qatar,QAT,MEA,Al Daayen,DAA,"100,000"
55,Qatar,QAT,MEA,Al Shahaniya,SHA,"25,000"
55,Qatar,QAT,MEA,Lusail,LUS,"200,000"
55,Qatar,QAT,MEA,The Pearl,TPQ,"45,000"
55,Qatar,QAT,MEA,Education City,EDC,"20,000"
55,Qatar,QAT,MEA,West Bay,WBQ,"30,000"
55,Qatar,QAT,MEA,Ain Khaled,AKQ,"40,000"
55,Qatar,QAT,MEA,Muaither,MUA,"65,000"
55,Qatar,QAT,MEA,Fereej Abdul Aziz,FAA,"25,000"
55,Qatar,QAT,MEA,Madinat Khalifa,MKQ,"45,000"
55,Qatar,QAT,MEA,Al Aziziyah,AAZ,"50,000"
55,Qatar,QAT,MEA,Al Markhiya,AMQ,"60,000"
55,Qatar,QAT,MEA,Fereej Bin Mahmoud,FBM,"30,000"
56,Ukraine,UKR,Europe,Kyiv,IEV,"2,962,180"
56,Ukraine,UKR,Europe,Kharkiv,HRK,"1,433,886"
56,Ukraine,UKR,Europe,Odessa,ODS,"1,017,699"
56,Ukraine,UKR,Europe,Dnipro,DNK,"980,948"
56,Ukraine,UKR,Europe,Donetsk,DOK,"901,645"
56,Ukraine,UKR,Europe,Zaporizhzhia,OZH,"722,713"
56,Ukraine,UKR,Europe,Lviv,LWO,"720,731"
56,Ukraine,UKR,Europe,Kryvyi Rih,KWG,"618,000"
56,Ukraine,UKR,Europe,Mykolaiv,NLV,"474,136"
56,Ukraine,UKR,Europe,Mariupol,MPW,"441,022"
56,Ukraine,UKR,Europe,Luhansk,VSG,"400,000"
56,Ukraine,UKR,Europe,Vinnytsia,VIN,"370,606"
56,Ukraine,UKR,Europe,Makiivka,MAK,"340,000"
56,Ukraine,UKR,Europe,Chernivtsi,CWC,"259,258"
56,Ukraine,UKR,Europe,Sevastopol,UKS,"340,000"
56,Ukraine,UKR,Europe,Symferopol,SIP,"334,000"
56,Ukraine,UKR,Europe,Kherson,KHE,"284,122"
56,Ukraine,UKR,Europe,Poltava,PLV,"281,947"
56,Ukraine,UKR,Europe,Chernihiv,CEJ,"284,000"
56,Ukraine,UKR,Europe,Bila Tserkva,BLT,"209,926"
57,Ethiopia,ETH,MEA,Addis Ababa,ADD,"3,041,002"
57,Ethiopia,ETH,MEA,Dire Dawa,DIR,"341,834"
57,Ethiopia,ETH,MEA,Mekele,MQX,"323,700"
57,Ethiopia,ETH,MEA,Nazret,NAZ,"315,000"
57,Ethiopia,ETH,MEA,Bahir Dar,BJR,"297,784"
57,Ethiopia,ETH,MEA,Gondar,GDQ,"323,900"
57,Ethiopia,ETH,MEA,Hawassa,AWA,"311,000"
57,Ethiopia,ETH,MEA,Dessie,DSE,"261,600"
57,Ethiopia,ETH,MEA,Jimma,JIM,"205,500"
57,Ethiopia,ETH,MEA,Jijiga,JIJ,"150,000"
57,Ethiopia,ETH,MEA,Shashamane,SHA,"160,000"
57,Ethiopia,ETH,MEA,Bishoftu,BIS,"170,000"
57,Ethiopia,ETH,MEA,Sodo,SOD,"112,000"
57,Ethiopia,ETH,MEA,Arba Minch,AMH,"100,000"
57,Ethiopia,ETH,MEA,Hosaena,HSS,"93,000"
57,Ethiopia,ETH,MEA,Harar,DIR,"125,000"
57,Ethiopia,ETH,MEA,Dilla,DIL,"88,000"
57,Ethiopia,ETH,MEA,Nekemte,NEK,"95,000"
57,Ethiopia,ETH,MEA,Debre Markos,DBM,"75,000"
57,Ethiopia,ETH,MEA,Kombolcha,KOM,"78,000"
58,Morocco,MAR,MEA,Casablanca,CMN,"3,752,000"
58,Morocco,MAR,MEA,Rabat,RBA,"2,120,000"
58,Morocco,MAR,MEA,Fes,FEZ,"1,172,000"
58,Morocco,MAR,MEA,Marrakech,RAK,"928,850"
58,Morocco,MAR,MEA,Agadir,AGA,"600,000"
58,Morocco,MAR,MEA,Tangier,TNG,"1,065,058"
58,Morocco,MAR,MEA,Meknes,MEK,"520,000"
58,Morocco,MAR,MEA,Kenitra,KEN,"431,282"
58,Morocco,MAR,MEA,Temara,TEM,"377,527"
58,Morocco,MAR,MEA,Oujda,OUD,"494,252"
58,Morocco,MAR,MEA,Tetouan,TTU,"380,787"
58,Morocco,MAR,MEA,Sale,SAL,"890,000"
58,Morocco,MAR,MEA,Safi,SFI,"330,000"
58,Morocco,MAR,MEA,Mohammedia,MOH,"219,000"
58,Morocco,MAR,MEA,El Jadida,EJD,"194,000"
58,Morocco,MAR,MEA,Beni Mellal,BEM,"193,000"
58,Morocco,MAR,MEA,Nador,NDR,"188,000"
58,Morocco,MAR,MEA,Taza,TAZ,"148,406"
58,Morocco,MAR,MEA,Al Hoceima,AHU,"56,716"
58,Morocco,MAR,MEA,Khouribga,KHO,"196,000"
59,Slovakia,SVK,Europe,Bratislava,BTS,"475,503"
59,Slovakia,SVK,Europe,Kosice,KSC,"228,249"
59,Slovakia,SVK,Europe,Prešov,POV,"93,091"
59,Slovakia,SVK,Europe,Zilina,ILZ,"81,002"
59,Slovakia,SVK,Europe,Banská Bystrica,BZI,"77,000"
59,Slovakia,SVK,Europe,Nitra,NIT,"78,000"
59,Slovakia,SVK,Europe,Trnava,TRN,"66,000"
59,Slovakia,SVK,Europe,Martin,MRT,"56,000"
59,Slovakia,SVK,Europe,Trenčín,TNC,"55,000"
59,Slovakia,SVK,Europe,Poprad,TAT,"52,000"
59,Slovakia,SVK,Europe,Prievidza,PRV,"49,000"
59,Slovakia,SVK,Europe,Zvolen,ZVO,"43,000"
59,Slovakia,SVK,Europe,Povazska Bystrica,PBY,"40,000"
59,Slovakia,SVK,Europe,Michalovce,MKD,"40,000"
59,Slovakia,SVK,Europe,Nove Zamky,NZM,"39,000"
59,Slovakia,SVK,Europe,Spišská Nová Ves,SNV,"37,000"
59,Slovakia,SVK,Europe,Komarno,KOM,"34,000"
59,Slovakia,SVK,Europe,Levice,LVK,"35,000"
59,Slovakia,SVK,Europe,Humenne,HUM,"34,000"
59,Slovakia,SVK,Europe,Bardejov,BJJ,"33,000"
60,Kuwait,KWT,MEA,Kuwait City,KWI,"2,989,000"
60,Kuwait,KWT,MEA,Hawalli,HAW,"900,000"
60,Kuwait,KWT,MEA,Al Farwaniyah,FAR,"850,000"
60,Kuwait,KWT,MEA,Al Ahmadi,AHM,"637,000"
60,Kuwait,KWT,MEA,Jahra,JAH,"400,000"
60,Kuwait,KWT,MEA,Mubarak Al-Kabeer,MBK,"250,000"
60,Kuwait,KWT,MEA,Salmiya,SAL,"145,000"
60,Kuwait,KWT,MEA,Fahaheel,FAH,"70,000"
60,Kuwait,KWT,MEA,Rumaithiyya,RUM,"50,000"
60,Kuwait,KWT,MEA,Sabah Al-Salem,SBS,"60,000"
60,Kuwait,KWT,MEA,Al-Mangaf,MAG,"50,000"
60,Kuwait,KWT,MEA,Ar Riqqah,ARR,"45,000"
60,Kuwait,KWT,MEA,Bayan,BAY,"40,000"
60,Kuwait,KWT,MEA,Salwa,SAW,"40,000"
60,Kuwait,KWT,MEA,Mishref,MIS,"38,000"
60,Kuwait,KWT,MEA,Fintas,FIN,"35,000"
60,Kuwait,KWT,MEA,Abu Halifa,AHF,"30,000"
60,Kuwait,KWT,MEA,Ruq'i,RUQ,"30,000"
60,Kuwait,KWT,MEA,Um Al Hayman,UAH,"25,000"
60,Kuwait,KWT,MEA,Sabahiya,SAB,"55,000"
61,Ecuador,ECU,Americas,Guayaquil,GYE,"2,698,077"
61,Ecuador,ECU,Americas,Quito,UIO,"2,011,388"
61,Ecuador,ECU,Americas,Cuenca,CUE,"636,996"
61,Ecuador,ECU,Americas,Santo Domingo,TNS,"458,580"
61,Ecuador,ECU,Americas,Manta,MEC,"248,993"
61,Ecuador,ECU,Americas,Portoviejo,PTJ,"280,029"
61,Ecuador,ECU,Americas,Machala,MCH,"270,000"
61,Ecuador,ECU,Americas,Eloy Alfaro,DAU,"150,000"
61,Ecuador,ECU,Americas,Loja,LOH,"214,855"
61,Ecuador,ECU,Americas,Esmeraldas,ESM,"189,504"
61,Ecuador,ECU,Americas,Ibarra,IBB,"181,175"
61,Ecuador,ECU,Americas,Ambato,ATF,"188,000"
61,Ecuador,ECU,Americas,Riobamba,RIO,"165,000"
61,Ecuador,ECU,Americas,Latacunga,LTX,"98,000"
61,Ecuador,ECU,Americas,Tulcán,TUA,"58,000"
61,Ecuador,ECU,Americas,Quevedo,UIO,"150,000"
61,Ecuador,ECU,Americas,Milagro,MIL,"170,000"
61,Ecuador,ECU,Americas,Babahoyo,BHA,"100,000"
61,Ecuador,ECU,Americas,Nueva Loja,LGQ,"55,000"
61,Ecuador,ECU,Americas,Azogues,AZO,"33,000"
62,Angola,AGO,MEA,Luanda,LAD,"8,330,000"
62,Angola,AGO,MEA,Huambo,NOV,"800,000"
62,Angola,AGO,MEA,Lobito,LOB,"600,000"
62,Angola,AGO,MEA,Benguela,BGA,"400,000"
62,Angola,AGO,MEA,Kuito,SVP,"185,000"
62,Angola,AGO,MEA,Lubango,SDD,"600,000"
62,Angola,AGO,MEA,Malanje,MEG,"300,000"
62,Angola,AGO,MEA,Namibe,MSZ,"132,000"
62,Angola,AGO,MEA,Soyo,SOY,"120,000"
62,Angola,AGO,MEA,Cabinda,CAB,"600,000"
62,Angola,AGO,MEA,Uige,UIG,"150,000"
62,Angola,AGO,MEA,Saurimo,VHC,"100,000"
62,Angola,AGO,MEA,Menongue,SPP,"90,000"
62,Angola,AGO,MEA,Ndalatando,NDA,"100,000"
62,Angola,AGO,MEA,Lucapa,LBZ,"60,000"
62,Angola,AGO,MEA,Cazombo,CAO,"28,000"
62,Angola,AGO,MEA,Sumbe,NDD,"130,000"
62,Angola,AGO,MEA,Dundo,DRC,"100,000"
62,Angola,AGO,MEA,Longonjo,LON,"40,000"
62,Angola,AGO,MEA,Xangongo,XGN,"38,000"
63,Kenya,KEN,MEA,Nairobi,NBI,"4,397,073"
63,Kenya,KEN,MEA,Mombasa,MBA,"1,208,333"
63,Kenya,KEN,MEA,Kisumu,KIS,"610,481"
63,Kenya,KEN,MEA,Nakuru,NUU,"570,674"
63,Kenya,KEN,MEA,Eldoret,EDL,"475,716"
63,Kenya,KEN,MEA,Ruiru,RIU,"475,116"
63,Kenya,KEN,MEA,Kikuyu,KIK,"305,000"
63,Kenya,KEN,MEA,Machakos,MKS,"270,000"
63,Kenya,KEN,MEA,Malindi,MYD,"119,859"
63,Kenya,KEN,MEA,Thika,TKA,"279,000"
63,Kenya,KEN,MEA,Meru,MRU,"193,000"
63,Kenya,KEN,MEA,Kisii,KIS,"169,000"
63,Kenya,KEN,MEA,Kitale,KTL,"160,000"
63,Kenya,KEN,MEA,Garissa,GAS,"145,000"
63,Kenya,KEN,MEA,Nyeri,NYE,"133,000"
63,Kenya,KEN,MEA,Kericho,KER,"100,000"
63,Kenya,KEN,MEA,Embu,EMU,"100,000"
63,Kenya,KEN,MEA,Naivasha,NAI,"100,000"
63,Kenya,KEN,MEA,Lamu,LAU,"44,000"
63,Kenya,KEN,MEA,Wajir,WJR,"115,000"
64,Oman,OMN,MEA,Muscat,MCT,"1,590,000"
64,Oman,OMN,MEA,Sohar,OHS,"220,000"
64,Oman,OMN,MEA,Salalah,SLL,"220,000"
64,Oman,OMN,MEA,Nizwa,NZW,"80,000"
64,Oman,OMN,MEA,Sur,SUV,"70,000"
64,Oman,OMN,MEA,Ibri,IBR,"60,000"
64,Oman,OMN,MEA,Al Buraymi,RMB,"60,000"
64,Oman,OMN,MEA,Khasab,KHS,"17,000"
64,Oman,OMN,MEA,Rustaq,RUS,"40,000"
64,Oman,OMN,MEA,Al Hamra,AHM,"20,000"
64,Oman,OMN,MEA,Bahla,BAH,"15,000"
64,Oman,OMN,MEA,Ibra,IBR,"50,000"
64,Oman,OMN,MEA,Al Suwaiq,SWQ,"30,000"
64,Oman,OMN,MEA,Shinas,SHI,"25,000"
64,Oman,OMN,MEA,Izki,IZK,"35,000"
64,Oman,OMN,MEA,Al Khaburah,AKB,"55,000"
64,Oman,OMN,MEA,Saham,SAH,"50,000"
64,Oman,OMN,MEA,Al Khuwair,KHW,"80,000"
64,Oman,OMN,MEA,Seeb,SEB,"400,000"
64,Oman,OMN,MEA,Bidbid,BID,"40,000"
